facility_id,period,pregnant_t1,pregnant_t2,pregnant_t3,season,outbreak_flag,outbreak_condition
PKM-001,2023-01-01,12,7,21,rainy,False,
PKM-001,2023-02-01,8,13,21,rainy,False,
PKM-001,2023-03-01,13,17,8,rainy,False,
PKM-001,2023-04-01,16,16,14,dry,False,
PKM-001,2023-05-01,12,21,12,dry,False,
PKM-001,2023-06-01,16,12,13,dry,False,
PKM-001,2023-07-01,9,24,12,dry,False,
PKM-001,2023-08-01,13,9,17,dry,False,
PKM-001,2023-09-01,20,9,13,dry,False,
PKM-001,2023-10-01,8,14,14,rainy,False,
PKM-001,2023-11-01,13,8,16,rainy,False,
PKM-001,2023-12-01,15,13,8,rainy,False,
PKM-001,2024-01-01,13,20,12,rainy,False,
PKM-001,2024-02-01,16,16,15,rainy,False,
PKM-001,2024-03-01,20,13,14,rainy,False,
PKM-001,2024-04-01,17,11,14,dry,False,
PKM-001,2024-05-01,10,19,17,dry,False,
PKM-001,2024-06-01,17,8,16,dry,False,
PKM-001,2024-07-01,12,13,13,dry,False,
PKM-001,2024-08-01,16,9,15,dry,False,
PKM-001,2024-09-01,16,6,18,dry,False,
PKM-001,2024-10-01,9,17,17,rainy,False,
PKM-001,2024-11-01,16,20,6,rainy,False,
PKM-001,2024-12-01,9,14,23,rainy,False,
PKM-001,2025-01-01,10,12,20,rainy,False,
PKM-001,2025-02-01,14,18,15,rainy,False,
PKM-001,2025-03-01,7,12,26,rainy,False,
PKM-001,2025-04-01,19,18,12,dry,False,
PKM-001,2025-05-01,9,14,20,dry,False,
PKM-001,2025-06-01,18,12,13,dry,False,
PKM-001,2025-07-01,14,12,17,dry,False,
PKM-001,2025-08-01,9,13,18,dry,False,
PKM-001,2025-09-01,10,17,12,dry,False,
PKM-001,2025-10-01,11,12,16,rainy,False,
PKM-001,2025-11-01,20,14,5,rainy,False,
PKM-001,2025-12-01,12,17,13,rainy,False,
PKM-002,2023-01-01,15,12,27,rainy,False,
PKM-002,2023-02-01,23,22,14,rainy,False,
PKM-002,2023-03-01,29,30,17,rainy,False,
PKM-002,2023-04-01,25,26,10,dry,False,
PKM-002,2023-05-01,11,19,25,dry,False,
PKM-002,2023-06-01,14,19,23,dry,False,
PKM-002,2023-07-01,9,19,20,dry,False,
PKM-002,2023-08-01,14,14,32,dry,False,
PKM-002,2023-09-01,9,15,20,dry,False,
PKM-002,2023-10-01,15,23,22,rainy,False,
PKM-002,2023-11-01,22,26,8,rainy,False,
PKM-002,2023-12-01,12,19,22,rainy,False,
PKM-002,2024-01-01,33,13,20,rainy,False,
PKM-002,2024-02-01,19,19,20,rainy,False,
PKM-002,2024-03-01,17,25,19,rainy,False,
PKM-002,2024-04-01,23,18,19,dry,False,
PKM-002,2024-05-01,40,12,9,dry,False,
PKM-002,2024-06-01,26,16,18,dry,False,
PKM-002,2024-07-01,21,19,17,dry,False,
PKM-002,2024-08-01,14,21,14,dry,False,
PKM-002,2024-09-01,25,14,17,dry,False,
PKM-002,2024-10-01,20,18,19,rainy,False,
PKM-002,2024-11-01,18,19,13,rainy,False,
PKM-002,2024-12-01,29,15,21,rainy,False,
PKM-002,2025-01-01,24,14,22,rainy,False,
PKM-002,2025-02-01,25,25,12,rainy,False,
PKM-002,2025-03-01,14,19,25,rainy,False,
PKM-002,2025-04-01,27,27,10,dry,False,
PKM-002,2025-05-01,14,20,15,dry,False,
PKM-002,2025-06-01,14,24,22,dry,False,
PKM-002,2025-07-01,23,17,12,dry,False,
PKM-002,2025-08-01,17,15,26,dry,False,
PKM-002,2025-09-01,20,14,15,dry,False,
PKM-002,2025-10-01,23,21,18,rainy,False,
PKM-002,2025-11-01,28,19,16,rainy,False,
PKM-002,2025-12-01,27,14,18,rainy,False,
PKM-003,2023-01-01,39,33,21,rainy,False,
PKM-003,2023-02-01,25,41,24,rainy,False,
PKM-003,2023-03-01,34,28,30,rainy,False,
PKM-003,2023-04-01,36,38,22,dry,False,
PKM-003,2023-05-01,47,19,30,dry,False,
PKM-003,2023-06-01,33,26,37,dry,False,
PKM-003,2023-07-01,22,41,21,dry,False,
PKM-003,2023-08-01,18,31,29,dry,False,
PKM-003,2023-09-01,26,47,11,dry,False,
PKM-003,2023-10-01,30,20,34,rainy,False,
PKM-003,2023-11-01,30,35,27,rainy,False,
PKM-003,2023-12-01,20,31,20,rainy,False,
PKM-003,2024-01-01,50,20,14,rainy,False,
PKM-003,2024-02-01,27,21,43,rainy,False,
PKM-003,2024-03-01,24,30,41,rainy,False,
PKM-003,2024-04-01,29,24,36,dry,False,
PKM-003,2024-05-01,44,14,38,dry,False,
PKM-003,2024-06-01,26,30,23,dry,False,
PKM-003,2024-07-01,38,25,17,dry,False,
PKM-003,2024-08-01,15,10,41,dry,False,
PKM-003,2024-09-01,34,21,37,dry,False,
PKM-003,2024-10-01,37,20,31,rainy,False,
PKM-003,2024-11-01,21,26,33,rainy,False,
PKM-003,2024-12-01,35,44,21,rainy,False,
PKM-003,2025-01-01,38,20,21,rainy,False,
PKM-003,2025-02-01,33,28,36,rainy,False,
PKM-003,2025-03-01,29,22,38,rainy,False,
PKM-003,2025-04-01,44,31,28,dry,False,
PKM-003,2025-05-01,38,50,14,dry,False,
PKM-003,2025-06-01,28,26,34,dry,False,
PKM-003,2025-07-01,29,37,17,dry,False,
PKM-003,2025-08-01,22,13,41,dry,False,
PKM-003,2025-09-01,28,12,27,dry,False,
PKM-003,2025-10-01,22,35,23,rainy,False,
PKM-003,2025-11-01,25,33,36,rainy,False,
PKM-003,2025-12-01,19,47,24,rainy,False,
PKM-004,2023-01-01,10,10,19,rainy,False,
PKM-004,2023-02-01,10,7,19,rainy,False,
PKM-004,2023-03-01,18,12,7,rainy,False,
PKM-004,2023-04-01,21,10,10,dry,False,
PKM-004,2023-05-01,13,13,11,dry,False,
PKM-004,2023-06-01,19,7,15,dry,False,
PKM-004,2023-07-01,11,10,15,dry,False,
PKM-004,2023-08-01,8,5,14,dry,False,
PKM-004,2023-09-01,7,17,12,dry,False,
PKM-004,2023-10-01,13,13,15,rainy,False,
PKM-004,2023-11-01,9,13,13,rainy,False,
PKM-004,2023-12-01,11,7,21,rainy,False,
PKM-004,2024-01-01,19,14,12,rainy,False,
PKM-004,2024-02-01,13,16,14,rainy,False,
PKM-004,2024-03-01,12,9,17,rainy,False,
PKM-004,2024-04-01,9,11,9,dry,False,
PKM-004,2024-05-01,12,17,8,dry,False,
PKM-004,2024-06-01,8,14,17,dry,False,
PKM-004,2024-07-01,15,10,16,dry,False,
PKM-004,2024-08-01,10,9,17,dry,False,
PKM-004,2024-09-01,7,17,11,dry,False,
PKM-004,2024-10-01,13,12,15,rainy,False,
PKM-004,2024-11-01,9,16,14,rainy,False,
PKM-004,2024-12-01,9,12,13,rainy,False,
PKM-004,2025-01-01,9,13,14,rainy,False,
PKM-004,2025-02-01,17,9,12,rainy,False,
PKM-004,2025-03-01,13,18,3,rainy,False,
PKM-004,2025-04-01,12,21,5,dry,False,
PKM-004,2025-05-01,18,10,12,dry,False,
PKM-004,2025-06-01,8,11,13,dry,False,
PKM-004,2025-07-01,13,11,16,dry,False,
PKM-004,2025-08-01,12,9,12,dry,False,
PKM-004,2025-09-01,13,15,9,dry,False,
PKM-004,2025-10-01,7,15,12,rainy,False,
PKM-004,2025-11-01,12,7,18,rainy,False,
PKM-004,2025-12-01,15,13,10,rainy,False,
PKM-005,2023-01-01,21,13,8,rainy,False,
PKM-005,2023-02-01,14,14,22,rainy,False,
PKM-005,2023-03-01,22,8,23,rainy,False,
PKM-005,2023-04-01,17,20,17,dry,False,
PKM-005,2023-05-01,24,10,15,dry,False,
PKM-005,2023-06-01,24,20,7,dry,False,
PKM-005,2023-07-01,23,12,16,dry,False,
PKM-005,2023-08-01,13,26,14,dry,False,
PKM-005,2023-09-01,13,11,15,dry,False,
PKM-005,2023-10-01,13,19,14,rainy,False,
PKM-005,2023-11-01,11,24,16,rainy,False,
PKM-005,2023-12-01,24,17,17,rainy,False,
PKM-005,2024-01-01,12,27,13,rainy,False,
PKM-005,2024-02-01,20,14,21,rainy,False,
PKM-005,2024-03-01,17,15,19,rainy,False,
PKM-005,2024-04-01,10,18,19,dry,False,
PKM-005,2024-05-01,14,18,30,dry,False,
PKM-005,2024-06-01,25,15,12,dry,False,
PKM-005,2024-07-01,19,10,12,dry,False,
PKM-005,2024-08-01,10,10,31,dry,False,
PKM-005,2024-09-01,13,19,17,dry,False,
PKM-005,2024-10-01,9,23,16,rainy,False,
PKM-005,2024-11-01,13,18,19,rainy,False,
PKM-005,2024-12-01,17,20,12,rainy,False,
PKM-005,2025-01-01,19,23,8,rainy,False,
PKM-005,2025-02-01,15,14,19,rainy,False,
PKM-005,2025-03-01,19,22,16,rainy,False,
PKM-005,2025-04-01,17,16,25,dry,False,
PKM-005,2025-05-01,6,22,25,dry,False,
PKM-005,2025-06-01,22,16,14,dry,False,
PKM-005,2025-07-01,16,14,18,dry,False,
PKM-005,2025-08-01,18,9,21,dry,False,
PKM-005,2025-09-01,9,22,21,dry,False,
PKM-005,2025-10-01,20,13,18,rainy,False,
PKM-005,2025-11-01,13,25,14,rainy,False,
PKM-005,2025-12-01,17,19,18,rainy,False,
PKM-006,2023-01-01,23,11,20,rainy,False,
PKM-006,2023-02-01,9,14,27,rainy,False,
PKM-006,2023-03-01,17,23,18,rainy,False,
PKM-006,2023-04-01,13,14,31,dry,False,
PKM-006,2023-05-01,16,16,24,dry,False,
PKM-006,2023-06-01,11,8,32,dry,False,
PKM-006,2023-07-01,23,15,8,dry,False,
PKM-006,2023-08-01,17,19,11,dry,False,
PKM-006,2023-09-01,17,10,15,dry,False,
PKM-006,2023-10-01,23,15,11,rainy,False,
PKM-006,2023-11-01,16,14,23,rainy,False,
PKM-006,2023-12-01,7,38,14,rainy,False,
PKM-006,2024-01-01,12,26,22,rainy,False,
PKM-006,2024-02-01,21,14,25,rainy,False,
PKM-006,2024-03-01,27,21,16,rainy,False,
PKM-006,2024-04-01,13,15,23,dry,False,
PKM-006,2024-05-01,25,12,27,dry,False,
PKM-006,2024-06-01,16,21,21,dry,False,
PKM-006,2024-07-01,15,21,16,dry,False,
PKM-006,2024-08-01,12,23,16,dry,False,
PKM-006,2024-09-01,23,15,14,dry,False,
PKM-006,2024-10-01,19,16,13,rainy,True,K01
PKM-006,2024-11-01,18,18,19,rainy,True,K01
PKM-006,2024-12-01,27,10,15,rainy,False,
PKM-006,2025-01-01,19,29,12,rainy,False,
PKM-006,2025-02-01,21,22,16,rainy,False,
PKM-006,2025-03-01,22,23,14,rainy,False,
PKM-006,2025-04-01,10,25,24,dry,False,
PKM-006,2025-05-01,22,18,14,dry,False,
PKM-006,2025-06-01,27,16,15,dry,False,
PKM-006,2025-07-01,15,19,21,dry,False,
PKM-006,2025-08-01,28,11,14,dry,False,
PKM-006,2025-09-01,19,15,24,dry,False,
PKM-006,2025-10-01,21,13,20,rainy,False,
PKM-006,2025-11-01,13,22,15,rainy,False,
PKM-006,2025-12-01,12,26,18,rainy,False,
PKM-007,2023-01-01,26,28,30,rainy,False,
PKM-007,2023-02-01,40,32,23,rainy,False,
PKM-007,2023-03-01,28,23,37,rainy,False,
PKM-007,2023-04-01,36,31,26,dry,False,
PKM-007,2023-05-01,35,27,28,dry,False,
PKM-007,2023-06-01,42,24,21,dry,False,
PKM-007,2023-07-01,27,21,33,dry,False,
PKM-007,2023-08-01,22,52,17,dry,False,
PKM-007,2023-09-01,28,21,27,dry,False,
PKM-007,2023-10-01,23,24,28,rainy,False,
PKM-007,2023-11-01,25,25,30,rainy,False,
PKM-007,2023-12-01,24,23,27,rainy,False,
PKM-007,2024-01-01,30,35,26,rainy,False,
PKM-007,2024-02-01,22,23,46,rainy,False,
PKM-007,2024-03-01,43,25,37,rainy,False,
PKM-007,2024-04-01,27,26,23,dry,False,
PKM-007,2024-05-01,33,24,32,dry,False,
PKM-007,2024-06-01,30,36,17,dry,False,
PKM-007,2024-07-01,36,21,27,dry,False,
PKM-007,2024-08-01,14,22,41,dry,False,
PKM-007,2024-09-01,19,48,18,dry,False,
PKM-007,2024-10-01,21,44,17,rainy,False,
PKM-007,2024-11-01,23,22,42,rainy,False,
PKM-007,2024-12-01,28,32,25,rainy,False,
PKM-007,2025-01-01,40,25,31,rainy,True,K01
PKM-007,2025-02-01,41,16,38,rainy,True,K01
PKM-007,2025-03-01,37,7,51,rainy,False,
PKM-007,2025-04-01,27,26,22,dry,False,
PKM-007,2025-05-01,47,12,34,dry,False,
PKM-007,2025-06-01,27,41,15,dry,False,
PKM-007,2025-07-01,24,29,28,dry,False,
PKM-007,2025-08-01,28,24,30,dry,False,
PKM-007,2025-09-01,30,31,24,dry,False,
PKM-007,2025-10-01,60,15,16,rainy,False,
PKM-007,2025-11-01,41,16,28,rainy,False,
PKM-007,2025-12-01,38,23,26,rainy,False,
PKM-008,2023-01-01,30,22,24,rainy,False,
PKM-008,2023-02-01,43,34,21,rainy,False,
PKM-008,2023-03-01,31,46,18,rainy,False,
PKM-008,2023-04-01,49,32,15,dry,False,
PKM-008,2023-05-01,26,47,10,dry,False,
PKM-008,2023-06-01,35,31,18,dry,False,
PKM-008,2023-07-01,24,38,30,dry,False,
PKM-008,2023-08-01,22,31,37,dry,False,
PKM-008,2023-09-01,29,33,18,dry,False,
PKM-008,2023-10-01,29,45,15,rainy,False,
PKM-008,2023-11-01,36,12,33,rainy,False,
PKM-008,2023-12-01,31,12,41,rainy,False,
PKM-008,2024-01-01,33,18,41,rainy,False,
PKM-008,2024-02-01,30,40,30,rainy,False,
PKM-008,2024-03-01,28,36,37,rainy,False,
PKM-008,2024-04-01,33,49,30,dry,False,
PKM-008,2024-05-01,27,38,30,dry,False,
PKM-008,2024-06-01,20,31,24,dry,False,
PKM-008,2024-07-01,38,25,21,dry,False,
PKM-008,2024-08-01,26,16,47,dry,False,
PKM-008,2024-09-01,26,36,35,dry,False,
PKM-008,2024-10-01,36,25,30,rainy,False,
PKM-008,2024-11-01,22,59,11,rainy,False,
PKM-008,2024-12-01,29,33,36,rainy,False,
PKM-008,2025-01-01,31,24,47,rainy,False,
PKM-008,2025-02-01,32,30,37,rainy,False,
PKM-008,2025-03-01,47,32,13,rainy,False,
PKM-008,2025-04-01,25,36,37,dry,False,
PKM-008,2025-05-01,33,44,16,dry,False,
PKM-008,2025-06-01,36,27,30,dry,False,
PKM-008,2025-07-01,40,25,20,dry,False,
PKM-008,2025-08-01,26,9,36,dry,False,
PKM-008,2025-09-01,26,44,17,dry,False,
PKM-008,2025-10-01,10,44,34,rainy,False,
PKM-008,2025-11-01,29,17,40,rainy,False,
PKM-008,2025-12-01,29,36,31,rainy,False,
PKM-009,2023-01-01,7,12,8,rainy,False,
PKM-009,2023-02-01,14,4,7,rainy,False,
PKM-009,2023-03-01,11,7,9,rainy,True,K01
PKM-009,2023-04-01,7,11,6,dry,True,K01
PKM-009,2023-05-01,10,12,5,dry,False,
PKM-009,2023-06-01,7,13,6,dry,False,
PKM-009,2023-07-01,6,8,12,dry,False,
PKM-009,2023-08-01,10,9,5,dry,False,
PKM-009,2023-09-01,7,6,15,dry,False,
PKM-009,2023-10-01,9,6,6,rainy,True,K01
PKM-009,2023-11-01,12,8,5,rainy,True,K01
PKM-009,2023-12-01,7,8,11,rainy,False,
PKM-009,2024-01-01,9,8,9,rainy,False,
PKM-009,2024-02-01,12,11,5,rainy,False,
PKM-009,2024-03-01,10,5,8,rainy,False,
PKM-009,2024-04-01,11,8,7,dry,False,
PKM-009,2024-05-01,6,14,8,dry,False,
PKM-009,2024-06-01,7,6,7,dry,False,
PKM-009,2024-07-01,9,10,6,dry,False,
PKM-009,2024-08-01,7,11,9,dry,False,
PKM-009,2024-09-01,8,8,12,dry,False,
PKM-009,2024-10-01,5,15,4,rainy,False,
PKM-009,2024-11-01,4,13,7,rainy,False,
PKM-009,2024-12-01,10,5,13,rainy,False,
PKM-009,2025-01-01,11,13,4,rainy,False,
PKM-009,2025-02-01,9,5,15,rainy,False,
PKM-009,2025-03-01,8,6,15,rainy,False,
PKM-009,2025-04-01,8,11,7,dry,False,
PKM-009,2025-05-01,10,9,8,dry,False,
PKM-009,2025-06-01,6,13,7,dry,False,
PKM-009,2025-07-01,9,7,9,dry,False,
PKM-009,2025-08-01,12,5,6,dry,False,
PKM-009,2025-09-01,8,10,6,dry,False,
PKM-009,2025-10-01,11,9,6,rainy,False,
PKM-009,2025-11-01,15,4,6,rainy,True,K01
PKM-009,2025-12-01,7,10,11,rainy,True,K01
PKM-010,2023-01-01,26,34,22,rainy,False,
PKM-010,2023-02-01,17,29,34,rainy,False,
PKM-010,2023-03-01,24,32,30,rainy,False,
PKM-010,2023-04-01,21,43,10,dry,False,
PKM-010,2023-05-01,44,20,28,dry,False,
PKM-010,2023-06-01,13,28,40,dry,False,
PKM-010,2023-07-01,31,24,29,dry,False,
PKM-010,2023-08-01,23,30,21,dry,False,
PKM-010,2023-09-01,33,17,19,dry,False,
PKM-010,2023-10-01,24,30,29,rainy,False,
PKM-010,2023-11-01,23,27,31,rainy,False,
PKM-010,2023-12-01,38,29,23,rainy,False,
PKM-010,2024-01-01,23,38,17,rainy,False,
PKM-010,2024-02-01,34,36,8,rainy,False,
PKM-010,2024-03-01,23,45,26,rainy,False,
PKM-010,2024-04-01,24,26,33,dry,False,
PKM-010,2024-05-01,31,14,42,dry,False,
PKM-010,2024-06-01,42,22,17,dry,False,
PKM-010,2024-07-01,22,26,20,dry,False,
PKM-010,2024-08-01,24,34,18,dry,False,
PKM-010,2024-09-01,22,27,26,dry,False,
PKM-010,2024-10-01,14,28,26,rainy,False,
PKM-010,2024-11-01,35,30,23,rainy,False,
PKM-010,2024-12-01,28,40,17,rainy,False,
PKM-010,2025-01-01,10,21,48,rainy,False,
PKM-010,2025-02-01,26,20,35,rainy,False,
PKM-010,2025-03-01,16,30,24,rainy,False,
PKM-010,2025-04-01,35,19,26,dry,False,
PKM-010,2025-05-01,26,27,21,dry,False,
PKM-010,2025-06-01,37,17,26,dry,False,
PKM-010,2025-07-01,28,37,16,dry,False,
PKM-010,2025-08-01,26,26,24,dry,False,
PKM-010,2025-09-01,28,28,27,dry,False,
PKM-010,2025-10-01,40,28,11,rainy,False,
PKM-010,2025-11-01,23,16,47,rainy,False,
PKM-010,2025-12-01,31,24,18,rainy,False,
PKM-011,2023-01-01,26,15,14,rainy,False,
PKM-011,2023-02-01,22,10,18,rainy,False,
PKM-011,2023-03-01,20,21,14,rainy,False,
PKM-011,2023-04-01,29,19,13,dry,False,
PKM-011,2023-05-01,11,19,21,dry,False,
PKM-011,2023-06-01,18,14,23,dry,False,
PKM-011,2023-07-01,14,12,26,dry,False,
PKM-011,2023-08-01,20,16,23,dry,False,
PKM-011,2023-09-01,16,22,14,dry,False,
PKM-011,2023-10-01,19,15,18,rainy,False,
PKM-011,2023-11-01,16,20,13,rainy,False,
PKM-011,2023-12-01,14,11,24,rainy,False,
PKM-011,2024-01-01,18,19,17,rainy,False,
PKM-011,2024-02-01,12,26,13,rainy,False,
PKM-011,2024-03-01,18,12,22,rainy,False,
PKM-011,2024-04-01,25,16,14,dry,False,
PKM-011,2024-05-01,16,21,22,dry,False,
PKM-011,2024-06-01,19,23,15,dry,False,
PKM-011,2024-07-01,8,26,20,dry,False,
PKM-011,2024-08-01,9,16,19,dry,False,
PKM-011,2024-09-01,20,14,11,dry,False,
PKM-011,2024-10-01,19,20,10,rainy,False,
PKM-011,2024-11-01,18,19,11,rainy,False,
PKM-011,2024-12-01,18,16,23,rainy,False,
PKM-011,2025-01-01,17,16,23,rainy,False,
PKM-011,2025-02-01,25,17,15,rainy,False,
PKM-011,2025-03-01,26,17,9,rainy,False,
PKM-011,2025-04-01,10,20,30,dry,False,
PKM-011,2025-05-01,21,16,23,dry,False,
PKM-011,2025-06-01,16,18,18,dry,False,
PKM-011,2025-07-01,13,18,20,dry,False,
PKM-011,2025-08-01,23,24,16,dry,False,
PKM-011,2025-09-01,15,23,15,dry,False,
PKM-011,2025-10-01,20,14,21,rainy,True,K01
PKM-011,2025-11-01,22,14,17,rainy,True,K01
PKM-011,2025-12-01,13,14,18,rainy,False,
PKM-012,2023-01-01,16,31,10,rainy,False,
PKM-012,2023-02-01,25,16,27,rainy,False,
PKM-012,2023-03-01,24,21,18,rainy,False,
PKM-012,2023-04-01,15,27,24,dry,False,
PKM-012,2023-05-01,28,23,13,dry,False,
PKM-012,2023-06-01,20,22,22,dry,False,
PKM-012,2023-07-01,31,16,17,dry,False,
PKM-012,2023-08-01,22,13,19,dry,False,
PKM-012,2023-09-01,19,13,32,dry,False,
PKM-012,2023-10-01,22,9,27,rainy,False,
PKM-012,2023-11-01,12,31,19,rainy,False,
PKM-012,2023-12-01,23,26,16,rainy,False,
PKM-012,2024-01-01,27,13,20,rainy,False,
PKM-012,2024-02-01,24,16,18,rainy,False,
PKM-012,2024-03-01,16,34,18,rainy,False,
PKM-012,2024-04-01,20,31,22,dry,False,
PKM-012,2024-05-01,28,24,17,dry,False,
PKM-012,2024-06-01,33,15,15,dry,False,
PKM-012,2024-07-01,31,31,11,dry,False,
PKM-012,2024-08-01,24,25,18,dry,False,
PKM-012,2024-09-01,14,24,23,dry,False,
PKM-012,2024-10-01,26,22,17,rainy,False,
PKM-012,2024-11-01,26,23,15,rainy,False,
PKM-012,2024-12-01,25,10,28,rainy,False,
PKM-012,2025-01-01,26,25,17,rainy,False,
PKM-012,2025-02-01,20,22,27,rainy,False,
PKM-012,2025-03-01,22,17,28,rainy,False,
PKM-012,2025-04-01,19,18,22,dry,False,
PKM-012,2025-05-01,21,21,17,dry,False,
PKM-012,2025-06-01,22,15,26,dry,False,
PKM-012,2025-07-01,14,26,25,dry,False,
PKM-012,2025-08-01,24,15,21,dry,False,
PKM-012,2025-09-01,23,19,18,dry,False,
PKM-012,2025-10-01,31,23,11,rainy,False,
PKM-012,2025-11-01,22,23,18,rainy,False,
PKM-012,2025-12-01,33,19,14,rainy,False,
PKM-013,2023-01-01,52,25,24,rainy,False,
PKM-013,2023-02-01,24,32,24,rainy,False,
PKM-013,2023-03-01,17,42,40,rainy,False,
PKM-013,2023-04-01,23,29,37,dry,False,
PKM-013,2023-05-01,33,33,20,dry,False,
PKM-013,2023-06-01,44,16,29,dry,False,
PKM-013,2023-07-01,28,34,33,dry,False,
PKM-013,2023-08-01,17,49,21,dry,False,
PKM-013,2023-09-01,25,25,25,dry,False,
PKM-013,2023-10-01,27,24,40,rainy,False,
PKM-013,2023-11-01,31,27,29,rainy,False,
PKM-013,2023-12-01,20,32,37,rainy,False,
PKM-013,2024-01-01,22,25,30,rainy,False,
PKM-013,2024-02-01,34,24,30,rainy,False,
PKM-013,2024-03-01,55,31,11,rainy,False,
PKM-013,2024-04-01,33,42,27,dry,False,
PKM-013,2024-05-01,22,35,28,dry,False,
PKM-013,2024-06-01,25,35,28,dry,False,
PKM-013,2024-07-01,30,27,24,dry,False,
PKM-013,2024-08-01,30,35,27,dry,False,
PKM-013,2024-09-01,15,50,21,dry,False,
PKM-013,2024-10-01,42,21,19,rainy,False,
PKM-013,2024-11-01,59,13,19,rainy,False,
PKM-013,2024-12-01,24,39,24,rainy,False,
PKM-013,2025-01-01,23,18,49,rainy,False,
PKM-013,2025-02-01,25,36,36,rainy,False,
PKM-013,2025-03-01,21,44,25,rainy,False,
PKM-013,2025-04-01,33,39,24,dry,False,
PKM-013,2025-05-01,26,43,36,dry,False,
PKM-013,2025-06-01,33,21,46,dry,False,
PKM-013,2025-07-01,34,22,23,dry,False,
PKM-013,2025-08-01,12,38,42,dry,False,
PKM-013,2025-09-01,21,37,24,dry,False,
PKM-013,2025-10-01,26,44,26,rainy,False,
PKM-013,2025-11-01,37,30,18,rainy,False,
PKM-013,2025-12-01,23,35,30,rainy,False,
PKM-014,2023-01-01,15,29,26,rainy,False,
PKM-014,2023-02-01,43,14,14,rainy,False,
PKM-014,2023-03-01,29,18,23,rainy,False,
PKM-014,2023-04-01,23,31,11,dry,False,
PKM-014,2023-05-01,30,27,23,dry,False,
PKM-014,2023-06-01,21,21,20,dry,False,
PKM-014,2023-07-01,33,22,20,dry,False,
PKM-014,2023-08-01,25,19,21,dry,False,
PKM-014,2023-09-01,17,28,12,dry,False,
PKM-014,2023-10-01,37,11,9,rainy,False,
PKM-014,2023-11-01,32,15,33,rainy,False,
PKM-014,2023-12-01,24,19,27,rainy,False,
PKM-014,2024-01-01,39,17,20,rainy,False,
PKM-014,2024-02-01,29,21,24,rainy,False,
PKM-014,2024-03-01,26,18,37,rainy,False,
PKM-014,2024-04-01,10,22,48,dry,False,
PKM-014,2024-05-01,27,20,21,dry,False,
PKM-014,2024-06-01,38,20,18,dry,False,
PKM-014,2024-07-01,20,14,28,dry,False,
PKM-014,2024-08-01,21,17,24,dry,False,
PKM-014,2024-09-01,25,21,18,dry,False,
PKM-014,2024-10-01,24,22,26,rainy,False,
PKM-014,2024-11-01,27,15,22,rainy,False,
PKM-014,2024-12-01,35,15,21,rainy,False,
PKM-014,2025-01-01,25,28,24,rainy,False,
PKM-014,2025-02-01,32,23,26,rainy,False,
PKM-014,2025-03-01,19,21,24,rainy,False,
PKM-014,2025-04-01,17,26,22,dry,False,
PKM-014,2025-05-01,20,26,25,dry,False,
PKM-014,2025-06-01,22,19,23,dry,False,
PKM-014,2025-07-01,21,22,24,dry,False,
PKM-014,2025-08-01,21,31,17,dry,False,
PKM-014,2025-09-01,19,25,24,dry,False,
PKM-014,2025-10-01,33,15,17,rainy,False,
PKM-014,2025-11-01,24,17,24,rainy,False,
PKM-014,2025-12-01,11,29,24,rainy,False,
PKM-015,2023-01-01,20,20,18,rainy,False,
PKM-015,2023-02-01,17,30,22,rainy,False,
PKM-015,2023-03-01,33,24,16,rainy,False,
PKM-015,2023-04-01,16,29,16,dry,False,
PKM-015,2023-05-01,14,26,28,dry,False,
PKM-015,2023-06-01,18,19,25,dry,False,
PKM-015,2023-07-01,29,12,17,dry,False,
PKM-015,2023-08-01,17,25,17,dry,False,
PKM-015,2023-09-01,10,34,15,dry,False,
PKM-015,2023-10-01,21,26,11,rainy,False,
PKM-015,2023-11-01,16,30,18,rainy,False,
PKM-015,2023-12-01,30,21,15,rainy,False,
PKM-015,2024-01-01,18,25,16,rainy,False,
PKM-015,2024-02-01,14,24,28,rainy,False,
PKM-015,2024-03-01,31,21,10,rainy,False,
PKM-015,2024-04-01,30,12,19,dry,False,
PKM-015,2024-05-01,31,14,22,dry,False,
PKM-015,2024-06-01,19,23,19,dry,False,
PKM-015,2024-07-01,24,18,25,dry,False,
PKM-015,2024-08-01,16,23,16,dry,False,
PKM-015,2024-09-01,20,25,20,dry,False,
PKM-015,2024-10-01,23,23,15,rainy,False,
PKM-015,2024-11-01,14,19,23,rainy,False,
PKM-015,2024-12-01,22,29,19,rainy,False,
PKM-015,2025-01-01,22,13,21,rainy,False,
PKM-015,2025-02-01,25,15,21,rainy,False,
PKM-015,2025-03-01,14,26,25,rainy,False,
PKM-015,2025-04-01,33,25,12,dry,False,
PKM-015,2025-05-01,21,18,23,dry,False,
PKM-015,2025-06-01,10,29,22,dry,False,
PKM-015,2025-07-01,30,15,13,dry,False,
PKM-015,2025-08-01,18,35,7,dry,False,
PKM-015,2025-09-01,19,18,23,dry,False,
PKM-015,2025-10-01,31,13,12,rainy,False,
PKM-015,2025-11-01,19,16,24,rainy,False,
PKM-015,2025-12-01,34,17,20,rainy,False,
PKM-016,2023-01-01,19,43,37,rainy,False,
PKM-016,2023-02-01,17,52,27,rainy,False,
PKM-016,2023-03-01,22,43,27,rainy,False,
PKM-016,2023-04-01,36,26,44,dry,False,
PKM-016,2023-05-01,45,25,30,dry,False,
PKM-016,2023-06-01,22,52,32,dry,False,
PKM-016,2023-07-01,35,38,26,dry,False,
PKM-016,2023-08-01,35,32,15,dry,False,
PKM-016,2023-09-01,37,24,35,dry,False,
PKM-016,2023-10-01,35,32,23,rainy,False,
PKM-016,2023-11-01,35,28,20,rainy,False,
PKM-016,2023-12-01,30,43,36,rainy,False,
PKM-016,2024-01-01,24,38,34,rainy,False,
PKM-016,2024-02-01,18,39,46,rainy,False,
PKM-016,2024-03-01,24,46,41,rainy,False,
PKM-016,2024-04-01,26,39,39,dry,False,
PKM-016,2024-05-01,22,47,30,dry,False,
PKM-016,2024-06-01,36,32,26,dry,False,
PKM-016,2024-07-01,24,51,26,dry,False,
PKM-016,2024-08-01,43,38,27,dry,False,
PKM-016,2024-09-01,32,35,30,dry,False,
PKM-016,2024-10-01,32,42,34,rainy,False,
PKM-016,2024-11-01,33,24,32,rainy,False,
PKM-016,2024-12-01,28,26,33,rainy,False,
PKM-016,2025-01-01,21,27,45,rainy,False,
PKM-016,2025-02-01,51,35,18,rainy,False,
PKM-016,2025-03-01,24,34,52,rainy,False,
PKM-016,2025-04-01,29,43,29,dry,False,
PKM-016,2025-05-01,38,27,24,dry,False,
PKM-016,2025-06-01,42,26,39,dry,False,
PKM-016,2025-07-01,47,23,24,dry,False,
PKM-016,2025-08-01,41,26,30,dry,False,
PKM-016,2025-09-01,28,33,38,dry,False,
PKM-016,2025-10-01,41,23,32,rainy,False,
PKM-016,2025-11-01,43,42,14,rainy,False,
PKM-016,2025-12-01,33,39,33,rainy,False,
PKM-017,2023-01-01,26,13,27,rainy,False,
PKM-017,2023-02-01,22,15,26,rainy,False,
PKM-017,2023-03-01,21,25,23,rainy,False,
PKM-017,2023-04-01,18,29,24,dry,False,
PKM-017,2023-05-01,29,11,21,dry,False,
PKM-017,2023-06-01,17,31,14,dry,False,
PKM-017,2023-07-01,21,17,19,dry,False,
PKM-017,2023-08-01,12,23,19,dry,False,
PKM-017,2023-09-01,18,18,23,dry,False,
PKM-017,2023-10-01,25,23,16,rainy,False,
PKM-017,2023-11-01,17,21,19,rainy,False,
PKM-017,2023-12-01,28,33,5,rainy,False,
PKM-017,2024-01-01,18,26,22,rainy,False,
PKM-017,2024-02-01,31,14,14,rainy,False,
PKM-017,2024-03-01,13,19,26,rainy,False,
PKM-017,2024-04-01,16,21,24,dry,False,
PKM-017,2024-05-01,18,24,26,dry,False,
PKM-017,2024-06-01,13,21,26,dry,False,
PKM-017,2024-07-01,27,14,17,dry,False,
PKM-017,2024-08-01,18,20,17,dry,False,
PKM-017,2024-09-01,24,25,11,dry,False,
PKM-017,2024-10-01,15,26,18,rainy,False,
PKM-017,2024-11-01,22,24,14,rainy,False,
PKM-017,2024-12-01,16,15,22,rainy,False,
PKM-017,2025-01-01,19,11,34,rainy,False,
PKM-017,2025-02-01,40,18,15,rainy,False,
PKM-017,2025-03-01,7,29,30,rainy,False,
PKM-017,2025-04-01,22,20,16,dry,False,
PKM-017,2025-05-01,12,23,29,dry,False,
PKM-017,2025-06-01,16,18,13,dry,False,
PKM-017,2025-07-01,19,22,22,dry,False,
PKM-017,2025-08-01,14,19,24,dry,False,
PKM-017,2025-09-01,15,16,26,dry,False,
PKM-017,2025-10-01,17,22,23,rainy,False,
PKM-017,2025-11-01,16,29,12,rainy,False,
PKM-017,2025-12-01,19,20,18,rainy,False,
PKM-018,2023-01-01,21,11,20,rainy,False,
PKM-018,2023-02-01,22,17,16,rainy,False,
PKM-018,2023-03-01,18,11,15,rainy,False,
PKM-018,2023-04-01,16,16,13,dry,False,
PKM-018,2023-05-01,30,10,9,dry,False,
PKM-018,2023-06-01,14,20,11,dry,False,
PKM-018,2023-07-01,13,19,17,dry,False,
PKM-018,2023-08-01,25,9,12,dry,False,
PKM-018,2023-09-01,21,18,7,dry,False,
PKM-018,2023-10-01,15,22,10,rainy,False,
PKM-018,2023-11-01,10,16,21,rainy,False,
PKM-018,2023-12-01,11,16,15,rainy,False,
PKM-018,2024-01-01,7,18,20,rainy,False,
PKM-018,2024-02-01,14,24,16,rainy,False,
PKM-018,2024-03-01,17,15,13,rainy,False,
PKM-018,2024-04-01,21,13,16,dry,False,
PKM-018,2024-05-01,13,20,14,dry,False,
PKM-018,2024-06-01,13,23,15,dry,False,
PKM-018,2024-07-01,15,16,17,dry,False,
PKM-018,2024-08-01,7,17,27,dry,False,
PKM-018,2024-09-01,24,10,10,dry,False,
PKM-018,2024-10-01,16,19,13,rainy,False,
PKM-018,2024-11-01,17,13,15,rainy,False,
PKM-018,2024-12-01,17,22,9,rainy,False,
PKM-018,2025-01-01,15,26,11,rainy,False,
PKM-018,2025-02-01,23,14,14,rainy,False,
PKM-018,2025-03-01,29,13,6,rainy,True,K01
PKM-018,2025-04-01,15,17,18,dry,True,K01
PKM-018,2025-05-01,15,21,18,dry,False,
PKM-018,2025-06-01,18,6,22,dry,False,
PKM-018,2025-07-01,21,16,11,dry,False,
PKM-018,2025-08-01,16,19,12,dry,False,
PKM-018,2025-09-01,12,14,17,dry,False,
PKM-018,2025-10-01,10,23,18,rainy,False,
PKM-018,2025-11-01,19,15,15,rainy,False,
PKM-018,2025-12-01,24,13,11,rainy,False,
PKM-019,2023-01-01,26,22,20,rainy,False,
PKM-019,2023-02-01,20,20,40,rainy,False,
PKM-019,2023-03-01,18,21,29,rainy,False,
PKM-019,2023-04-01,17,29,21,dry,False,
PKM-019,2023-05-01,28,13,22,dry,False,
PKM-019,2023-06-01,29,27,17,dry,False,
PKM-019,2023-07-01,14,21,28,dry,False,
PKM-019,2023-08-01,27,24,14,dry,False,
PKM-019,2023-09-01,23,18,29,dry,False,
PKM-019,2023-10-01,31,19,19,rainy,False,
PKM-019,2023-11-01,15,28,20,rainy,False,
PKM-019,2023-12-01,23,21,15,rainy,False,
PKM-019,2024-01-01,22,38,18,rainy,False,
PKM-019,2024-02-01,20,24,23,rainy,False,
PKM-019,2024-03-01,22,22,24,rainy,False,
PKM-019,2024-04-01,35,16,24,dry,False,
PKM-019,2024-05-01,25,19,20,dry,False,
PKM-019,2024-06-01,14,30,19,dry,False,
PKM-019,2024-07-01,13,23,24,dry,False,
PKM-019,2024-08-01,25,25,19,dry,False,
PKM-019,2024-09-01,27,17,16,dry,False,
PKM-019,2024-10-01,23,19,16,rainy,False,
PKM-019,2024-11-01,19,35,14,rainy,False,
PKM-019,2024-12-01,27,27,10,rainy,False,
PKM-019,2025-01-01,11,24,25,rainy,False,
PKM-019,2025-02-01,28,13,21,rainy,False,
PKM-019,2025-03-01,22,22,30,rainy,False,
PKM-019,2025-04-01,28,17,20,dry,False,
PKM-019,2025-05-01,15,29,25,dry,False,
PKM-019,2025-06-01,30,23,14,dry,False,
PKM-019,2025-07-01,13,24,28,dry,False,
PKM-019,2025-08-01,20,28,15,dry,False,
PKM-019,2025-09-01,22,29,10,dry,False,
PKM-019,2025-10-01,12,16,38,rainy,False,
PKM-019,2025-11-01,20,20,19,rainy,False,
PKM-019,2025-12-01,14,28,29,rainy,False,
PKM-020,2023-01-01,9,8,5,rainy,False,
PKM-020,2023-02-01,8,9,6,rainy,False,
PKM-020,2023-03-01,5,10,9,rainy,False,
PKM-020,2023-04-01,5,10,10,dry,False,
PKM-020,2023-05-01,10,7,8,dry,False,
PKM-020,2023-06-01,6,10,5,dry,False,
PKM-020,2023-07-01,12,4,5,dry,False,
PKM-020,2023-08-01,5,7,11,dry,False,
PKM-020,2023-09-01,7,7,7,dry,False,
PKM-020,2023-10-01,10,5,5,rainy,False,
PKM-020,2023-11-01,10,9,3,rainy,False,
PKM-020,2023-12-01,6,10,7,rainy,False,
PKM-020,2024-01-01,5,6,12,rainy,False,
PKM-020,2024-02-01,7,7,8,rainy,False,
PKM-020,2024-03-01,10,5,8,rainy,False,
PKM-020,2024-04-01,4,11,6,dry,False,
PKM-020,2024-05-01,5,9,11,dry,False,
PKM-020,2024-06-01,11,6,6,dry,False,
PKM-020,2024-07-01,9,8,5,dry,False,
PKM-020,2024-08-01,7,4,8,dry,False,
PKM-020,2024-09-01,5,9,7,dry,False,
PKM-020,2024-10-01,5,7,7,rainy,False,
PKM-020,2024-11-01,8,9,5,rainy,False,
PKM-020,2024-12-01,4,7,6,rainy,False,
PKM-020,2025-01-01,7,6,9,rainy,True,K01
PKM-020,2025-02-01,6,7,8,rainy,True,K01
PKM-020,2025-03-01,9,10,4,rainy,False,
PKM-020,2025-04-01,8,6,8,dry,False,
PKM-020,2025-05-01,8,5,9,dry,False,
PKM-020,2025-06-01,7,5,10,dry,False,
PKM-020,2025-07-01,6,8,7,dry,False,
PKM-020,2025-08-01,6,4,10,dry,False,
PKM-020,2025-09-01,5,10,6,dry,False,
PKM-020,2025-10-01,8,3,9,rainy,False,
PKM-020,2025-11-01,5,9,7,rainy,False,
PKM-020,2025-12-01,6,6,7,rainy,False,
PKM-021,2023-01-01,18,20,19,rainy,False,
PKM-021,2023-02-01,15,23,16,rainy,False,
PKM-021,2023-03-01,12,21,24,rainy,False,
PKM-021,2023-04-01,14,23,17,dry,False,
PKM-021,2023-05-01,24,22,11,dry,False,
PKM-021,2023-06-01,18,22,20,dry,False,
PKM-021,2023-07-01,22,18,5,dry,False,
PKM-021,2023-08-01,20,15,22,dry,False,
PKM-021,2023-09-01,12,19,26,dry,False,
PKM-021,2023-10-01,24,15,8,rainy,False,
PKM-021,2023-11-01,18,18,18,rainy,False,
PKM-021,2023-12-01,23,16,16,rainy,False,
PKM-021,2024-01-01,18,16,23,rainy,False,
PKM-021,2024-02-01,21,22,18,rainy,False,
PKM-021,2024-03-01,32,15,18,rainy,False,
PKM-021,2024-04-01,26,22,16,dry,False,
PKM-021,2024-05-01,23,16,16,dry,False,
PKM-021,2024-06-01,17,22,18,dry,False,
PKM-021,2024-07-01,15,13,19,dry,False,
PKM-021,2024-08-01,22,23,11,dry,False,
PKM-021,2024-09-01,13,22,22,dry,False,
PKM-021,2024-10-01,18,7,20,rainy,False,
PKM-021,2024-11-01,22,24,10,rainy,False,
PKM-021,2024-12-01,19,24,11,rainy,True,K01
PKM-021,2025-01-01,12,16,25,rainy,True,K01
PKM-021,2025-02-01,15,17,26,rainy,False,
PKM-021,2025-03-01,23,18,16,rainy,False,
PKM-021,2025-04-01,20,14,21,dry,False,
PKM-021,2025-05-01,13,28,18,dry,False,
PKM-021,2025-06-01,12,35,13,dry,False,
PKM-021,2025-07-01,10,26,16,dry,False,
PKM-021,2025-08-01,11,25,16,dry,False,
PKM-021,2025-09-01,16,17,22,dry,False,
PKM-021,2025-10-01,17,7,23,rainy,False,
PKM-021,2025-11-01,16,21,15,rainy,False,
PKM-021,2025-12-01,20,14,12,rainy,False,
PKM-022,2023-01-01,23,25,31,rainy,False,
PKM-022,2023-02-01,33,30,17,rainy,False,
PKM-022,2023-03-01,21,33,32,rainy,False,
PKM-022,2023-04-01,23,26,34,dry,False,
PKM-022,2023-05-01,37,17,26,dry,False,
PKM-022,2023-06-01,28,27,18,dry,False,
PKM-022,2023-07-01,30,34,16,dry,False,
PKM-022,2023-08-01,25,30,29,dry,False,
PKM-022,2023-09-01,24,22,27,dry,False,
PKM-022,2023-10-01,18,23,31,rainy,False,
PKM-022,2023-11-01,24,28,27,rainy,False,
PKM-022,2023-12-01,18,45,12,rainy,False,
PKM-022,2024-01-01,33,26,19,rainy,False,
PKM-022,2024-02-01,19,23,38,rainy,False,
PKM-022,2024-03-01,29,15,25,rainy,False,
PKM-022,2024-04-01,38,13,24,dry,False,
PKM-022,2024-05-01,28,33,12,dry,False,
PKM-022,2024-06-01,39,16,22,dry,False,
PKM-022,2024-07-01,27,25,26,dry,False,
PKM-022,2024-08-01,23,21,26,dry,False,
PKM-022,2024-09-01,25,17,17,dry,False,
PKM-022,2024-10-01,30,19,30,rainy,False,
PKM-022,2024-11-01,16,27,33,rainy,False,
PKM-022,2024-12-01,26,35,19,rainy,False,
PKM-022,2025-01-01,38,26,20,rainy,False,
PKM-022,2025-02-01,30,30,19,rainy,False,
PKM-022,2025-03-01,22,11,48,rainy,False,
PKM-022,2025-04-01,29,29,25,dry,False,
PKM-022,2025-05-01,35,21,36,dry,False,
PKM-022,2025-06-01,36,21,17,dry,False,
PKM-022,2025-07-01,27,15,32,dry,False,
PKM-022,2025-08-01,19,19,31,dry,False,
PKM-022,2025-09-01,39,21,17,dry,False,
PKM-022,2025-10-01,16,30,29,rainy,False,
PKM-022,2025-11-01,17,28,25,rainy,False,
PKM-022,2025-12-01,39,23,19,rainy,False,
PKM-023,2023-01-01,22,11,16,rainy,False,
PKM-023,2023-02-01,13,18,14,rainy,False,
PKM-023,2023-03-01,16,20,17,rainy,False,
PKM-023,2023-04-01,10,14,30,dry,False,
PKM-023,2023-05-01,17,11,23,dry,False,
PKM-023,2023-06-01,17,20,11,dry,False,
PKM-023,2023-07-01,9,13,23,dry,False,
PKM-023,2023-08-01,19,17,15,dry,False,
PKM-023,2023-09-01,12,9,27,dry,False,
PKM-023,2023-10-01,11,17,10,rainy,False,
PKM-023,2023-11-01,19,14,10,rainy,False,
PKM-023,2023-12-01,11,15,25,rainy,False,
PKM-023,2024-01-01,17,7,24,rainy,False,
PKM-023,2024-02-01,15,9,17,rainy,False,
PKM-023,2024-03-01,16,10,21,rainy,False,
PKM-023,2024-04-01,15,20,11,dry,False,
PKM-023,2024-05-01,21,14,13,dry,False,
PKM-023,2024-06-01,15,16,20,dry,False,
PKM-023,2024-07-01,19,17,13,dry,False,
PKM-023,2024-08-01,12,14,21,dry,False,
PKM-023,2024-09-01,15,12,16,dry,False,
PKM-023,2024-10-01,24,12,8,rainy,False,
PKM-023,2024-11-01,16,9,18,rainy,False,
PKM-023,2024-12-01,11,15,17,rainy,False,
PKM-023,2025-01-01,21,12,12,rainy,False,
PKM-023,2025-02-01,21,14,11,rainy,False,
PKM-023,2025-03-01,16,18,19,rainy,True,K01
PKM-023,2025-04-01,15,27,6,dry,True,K01
PKM-023,2025-05-01,18,16,23,dry,False,
PKM-023,2025-06-01,10,24,12,dry,False,
PKM-023,2025-07-01,6,14,18,dry,False,
PKM-023,2025-08-01,8,24,11,dry,False,
PKM-023,2025-09-01,12,10,17,dry,False,
PKM-023,2025-10-01,12,20,12,rainy,False,
PKM-023,2025-11-01,14,12,17,rainy,False,
PKM-023,2025-12-01,27,12,12,rainy,False,
PKM-024,2023-01-01,10,6,7,rainy,False,
PKM-024,2023-02-01,10,6,8,rainy,False,
PKM-024,2023-03-01,10,8,7,rainy,False,
PKM-024,2023-04-01,6,14,8,dry,False,
PKM-024,2023-05-01,12,5,8,dry,False,
PKM-024,2023-06-01,7,8,9,dry,False,
PKM-024,2023-07-01,6,9,9,dry,False,
PKM-024,2023-08-01,6,14,7,dry,False,
PKM-024,2023-09-01,11,9,4,dry,False,
PKM-024,2023-10-01,7,6,13,rainy,False,
PKM-024,2023-11-01,5,14,5,rainy,False,
PKM-024,2023-12-01,6,8,8,rainy,False,
PKM-024,2024-01-01,3,10,14,rainy,False,
PKM-024,2024-02-01,7,9,13,rainy,False,
PKM-024,2024-03-01,9,9,9,rainy,False,
PKM-024,2024-04-01,8,14,7,dry,False,
PKM-024,2024-05-01,12,8,9,dry,False,
PKM-024,2024-06-01,7,9,9,dry,False,
PKM-024,2024-07-01,6,7,13,dry,False,
PKM-024,2024-08-01,11,7,7,dry,False,
PKM-024,2024-09-01,6,7,7,dry,False,
PKM-024,2024-10-01,8,10,7,rainy,False,
PKM-024,2024-11-01,6,9,9,rainy,False,
PKM-024,2024-12-01,11,8,7,rainy,False,
PKM-024,2025-01-01,10,9,9,rainy,False,
PKM-024,2025-02-01,12,7,8,rainy,False,
PKM-024,2025-03-01,10,10,7,rainy,False,
PKM-024,2025-04-01,13,4,11,dry,False,
PKM-024,2025-05-01,8,9,12,dry,False,
PKM-024,2025-06-01,8,9,5,dry,False,
PKM-024,2025-07-01,4,13,11,dry,False,
PKM-024,2025-08-01,8,7,8,dry,False,
PKM-024,2025-09-01,6,7,7,dry,False,
PKM-024,2025-10-01,5,13,5,rainy,False,
PKM-024,2025-11-01,13,6,5,rainy,False,
PKM-024,2025-12-01,9,7,9,rainy,False,
PKM-025,2023-01-01,32,36,22,rainy,False,
PKM-025,2023-02-01,25,41,24,rainy,False,
PKM-025,2023-03-01,35,26,33,rainy,False,
PKM-025,2023-04-01,17,26,30,dry,False,
PKM-025,2023-05-01,33,21,36,dry,False,
PKM-025,2023-06-01,30,29,24,dry,False,
PKM-025,2023-07-01,25,31,27,dry,False,
PKM-025,2023-08-01,40,28,21,dry,False,
PKM-025,2023-09-01,23,21,40,dry,False,
PKM-025,2023-10-01,16,40,23,rainy,False,
PKM-025,2023-11-01,47,8,18,rainy,False,
PKM-025,2023-12-01,35,19,31,rainy,False,
PKM-025,2024-01-01,37,18,23,rainy,False,
PKM-025,2024-02-01,27,43,26,rainy,False,
PKM-025,2024-03-01,43,24,17,rainy,False,
PKM-025,2024-04-01,20,26,42,dry,False,
PKM-025,2024-05-01,29,33,41,dry,False,
PKM-025,2024-06-01,48,25,21,dry,False,
PKM-025,2024-07-01,22,12,44,dry,False,
PKM-025,2024-08-01,25,16,39,dry,False,
PKM-025,2024-09-01,28,18,26,dry,False,
PKM-025,2024-10-01,36,18,42,rainy,False,
PKM-025,2024-11-01,37,28,31,rainy,False,
PKM-025,2024-12-01,26,34,33,rainy,False,
PKM-025,2025-01-01,36,27,18,rainy,False,
PKM-025,2025-02-01,30,37,22,rainy,False,
PKM-025,2025-03-01,46,29,33,rainy,False,
PKM-025,2025-04-01,32,19,32,dry,False,
PKM-025,2025-05-01,17,20,45,dry,False,
PKM-025,2025-06-01,28,31,32,dry,False,
PKM-025,2025-07-01,29,25,21,dry,False,
PKM-025,2025-08-01,30,27,24,dry,False,
PKM-025,2025-09-01,21,32,31,dry,False,
PKM-025,2025-10-01,18,41,21,rainy,False,
PKM-025,2025-11-01,12,21,39,rainy,False,
PKM-025,2025-12-01,24,23,33,rainy,False,
PKM-026,2023-01-01,22,30,38,rainy,False,
PKM-026,2023-02-01,6,36,21,rainy,False,
PKM-026,2023-03-01,15,24,42,rainy,False,
PKM-026,2023-04-01,23,39,21,dry,False,
PKM-026,2023-05-01,20,27,28,dry,False,
PKM-026,2023-06-01,20,23,33,dry,False,
PKM-026,2023-07-01,21,20,24,dry,False,
PKM-026,2023-08-01,30,20,18,dry,False,
PKM-026,2023-09-01,23,28,22,dry,False,
PKM-026,2023-10-01,26,19,22,rainy,False,
PKM-026,2023-11-01,22,26,27,rainy,False,
PKM-026,2023-12-01,22,26,19,rainy,False,
PKM-026,2024-01-01,26,28,16,rainy,False,
PKM-026,2024-02-01,23,29,23,rainy,False,
PKM-026,2024-03-01,24,30,24,rainy,False,
PKM-026,2024-04-01,22,29,26,dry,False,
PKM-026,2024-05-01,36,29,19,dry,False,
PKM-026,2024-06-01,24,18,33,dry,False,
PKM-026,2024-07-01,24,23,31,dry,False,
PKM-026,2024-08-01,41,23,11,dry,False,
PKM-026,2024-09-01,32,29,15,dry,False,
PKM-026,2024-10-01,25,28,14,rainy,False,
PKM-026,2024-11-01,23,32,22,rainy,False,
PKM-026,2024-12-01,32,19,26,rainy,False,
PKM-026,2025-01-01,22,37,24,rainy,False,
PKM-026,2025-02-01,24,21,33,rainy,False,
PKM-026,2025-03-01,35,27,19,rainy,False,
PKM-026,2025-04-01,41,24,25,dry,False,
PKM-026,2025-05-01,31,22,26,dry,False,
PKM-026,2025-06-01,31,12,26,dry,False,
PKM-026,2025-07-01,23,25,31,dry,False,
PKM-026,2025-08-01,22,37,26,dry,False,
PKM-026,2025-09-01,21,25,33,dry,False,
PKM-026,2025-10-01,20,23,18,rainy,False,
PKM-026,2025-11-01,13,30,39,rainy,False,
PKM-026,2025-12-01,26,36,21,rainy,False,
PKM-027,2023-01-01,23,12,19,rainy,False,
PKM-027,2023-02-01,11,17,28,rainy,False,
PKM-027,2023-03-01,22,15,17,rainy,False,
PKM-027,2023-04-01,13,29,11,dry,False,
PKM-027,2023-05-01,14,13,24,dry,False,
PKM-027,2023-06-01,19,17,14,dry,False,
PKM-027,2023-07-01,12,10,26,dry,False,
PKM-027,2023-08-01,12,14,19,dry,False,
PKM-027,2023-09-01,18,17,18,dry,False,
PKM-027,2023-10-01,22,13,12,rainy,False,
PKM-027,2023-11-01,14,15,18,rainy,False,
PKM-027,2023-12-01,12,20,18,rainy,False,
PKM-027,2024-01-01,25,15,16,rainy,False,
PKM-027,2024-02-01,17,21,15,rainy,False,
PKM-027,2024-03-01,18,15,15,rainy,False,
PKM-027,2024-04-01,16,13,27,dry,False,
PKM-027,2024-05-01,17,12,23,dry,False,
PKM-027,2024-06-01,17,20,12,dry,False,
PKM-027,2024-07-01,13,15,14,dry,False,
PKM-027,2024-08-01,17,14,15,dry,False,
PKM-027,2024-09-01,17,9,19,dry,False,
PKM-027,2024-10-01,19,15,13,rainy,False,
PKM-027,2024-11-01,16,16,11,rainy,False,
PKM-027,2024-12-01,9,14,24,rainy,False,
PKM-027,2025-01-01,12,28,16,rainy,False,
PKM-027,2025-02-01,13,12,28,rainy,True,K01
PKM-027,2025-03-01,21,20,13,rainy,True,K01
PKM-027,2025-04-01,13,12,25,dry,False,
PKM-027,2025-05-01,12,17,15,dry,False,
PKM-027,2025-06-01,17,13,16,dry,False,
PKM-027,2025-07-01,18,14,16,dry,False,
PKM-027,2025-08-01,19,13,13,dry,False,
PKM-027,2025-09-01,17,16,14,dry,False,
PKM-027,2025-10-01,17,16,13,rainy,False,
PKM-027,2025-11-01,12,17,15,rainy,False,
PKM-027,2025-12-01,29,14,11,rainy,False,
PKM-028,2023-01-01,30,14,26,rainy,False,
PKM-028,2023-02-01,39,10,27,rainy,True,K01
PKM-028,2023-03-01,21,31,21,rainy,True,K01
PKM-028,2023-04-01,23,20,36,dry,False,
PKM-028,2023-05-01,34,20,21,dry,False,
PKM-028,2023-06-01,13,22,24,dry,False,
PKM-028,2023-07-01,23,26,24,dry,False,
PKM-028,2023-08-01,29,23,13,dry,False,
PKM-028,2023-09-01,22,32,16,dry,False,
PKM-028,2023-10-01,26,23,32,rainy,False,
PKM-028,2023-11-01,23,14,25,rainy,False,
PKM-028,2023-12-01,16,24,27,rainy,False,
PKM-028,2024-01-01,26,21,16,rainy,False,
PKM-028,2024-02-01,38,12,30,rainy,False,
PKM-028,2024-03-01,20,33,26,rainy,False,
PKM-028,2024-04-01,35,23,15,dry,False,
PKM-028,2024-05-01,17,31,14,dry,False,
PKM-028,2024-06-01,30,24,17,dry,False,
PKM-028,2024-07-01,23,23,19,dry,False,
PKM-028,2024-08-01,37,17,9,dry,False,
PKM-028,2024-09-01,29,8,34,dry,False,
PKM-028,2024-10-01,30,19,22,rainy,False,
PKM-028,2024-11-01,36,16,14,rainy,False,
PKM-028,2024-12-01,32,14,23,rainy,False,
PKM-028,2025-01-01,18,31,27,rainy,False,
PKM-028,2025-02-01,31,9,31,rainy,False,
PKM-028,2025-03-01,25,18,26,rainy,False,
PKM-028,2025-04-01,9,18,41,dry,False,
PKM-028,2025-05-01,23,21,19,dry,False,
PKM-028,2025-06-01,25,29,24,dry,False,
PKM-028,2025-07-01,22,18,28,dry,False,
PKM-028,2025-08-01,29,18,21,dry,False,
PKM-028,2025-09-01,19,21,22,dry,False,
PKM-028,2025-10-01,19,19,30,rainy,False,
PKM-028,2025-11-01,37,13,23,rainy,False,
PKM-028,2025-12-01,17,19,28,rainy,False,
PKM-029,2023-01-01,17,19,40,rainy,False,
PKM-029,2023-02-01,29,18,21,rainy,False,
PKM-029,2023-03-01,33,29,27,rainy,False,
PKM-029,2023-04-01,30,18,25,dry,False,
PKM-029,2023-05-01,32,29,14,dry,False,
PKM-029,2023-06-01,28,17,27,dry,False,
PKM-029,2023-07-01,28,24,31,dry,False,
PKM-029,2023-08-01,31,10,25,dry,False,
PKM-029,2023-09-01,12,22,19,dry,False,
PKM-029,2023-10-01,27,20,21,rainy,False,
PKM-029,2023-11-01,24,13,32,rainy,False,
PKM-029,2023-12-01,23,16,42,rainy,False,
PKM-029,2024-01-01,22,21,32,rainy,False,
PKM-029,2024-02-01,17,24,25,rainy,False,
PKM-029,2024-03-01,19,29,31,rainy,False,
PKM-029,2024-04-01,35,34,15,dry,False,
PKM-029,2024-05-01,30,22,24,dry,False,
PKM-029,2024-06-01,33,15,32,dry,False,
PKM-029,2024-07-01,20,37,15,dry,False,
PKM-029,2024-08-01,24,33,23,dry,False,
PKM-029,2024-09-01,20,20,25,dry,False,
PKM-029,2024-10-01,38,20,16,rainy,False,
PKM-029,2024-11-01,32,17,28,rainy,False,
PKM-029,2024-12-01,26,28,20,rainy,False,
PKM-029,2025-01-01,19,32,26,rainy,False,
PKM-029,2025-02-01,21,29,18,rainy,False,
PKM-029,2025-03-01,21,21,35,rainy,False,
PKM-029,2025-04-01,28,20,28,dry,False,
PKM-029,2025-05-01,29,18,27,dry,False,
PKM-029,2025-06-01,15,23,29,dry,False,
PKM-029,2025-07-01,31,13,31,dry,False,
PKM-029,2025-08-01,26,30,17,dry,False,
PKM-029,2025-09-01,12,29,26,dry,False,
PKM-029,2025-10-01,16,30,34,rainy,False,
PKM-029,2025-11-01,43,27,14,rainy,False,
PKM-029,2025-12-01,29,27,25,rainy,False,
PKM-030,2023-01-01,48,39,41,rainy,False,
PKM-030,2023-02-01,67,29,37,rainy,False,
PKM-030,2023-03-01,57,27,36,rainy,False,
PKM-030,2023-04-01,31,44,46,dry,False,
PKM-030,2023-05-01,29,46,44,dry,False,
PKM-030,2023-06-01,40,51,32,dry,False,
PKM-030,2023-07-01,24,50,34,dry,False,
PKM-030,2023-08-01,56,19,31,dry,False,
PKM-030,2023-09-01,41,25,40,dry,False,
PKM-030,2023-10-01,22,43,33,rainy,False,
PKM-030,2023-11-01,22,27,54,rainy,False,
PKM-030,2023-12-01,35,42,49,rainy,False,
PKM-030,2024-01-01,58,17,25,rainy,False,
PKM-030,2024-02-01,31,47,36,rainy,False,
PKM-030,2024-03-01,52,27,50,rainy,False,
PKM-030,2024-04-01,31,54,48,dry,False,
PKM-030,2024-05-01,51,42,25,dry,False,
PKM-030,2024-06-01,52,30,24,dry,False,
PKM-030,2024-07-01,40,42,32,dry,False,
PKM-030,2024-08-01,47,24,35,dry,False,
PKM-030,2024-09-01,41,38,34,dry,False,
PKM-030,2024-10-01,48,17,40,rainy,False,
PKM-030,2024-11-01,37,51,29,rainy,False,
PKM-030,2024-12-01,33,30,36,rainy,False,
PKM-030,2025-01-01,21,50,49,rainy,False,
PKM-030,2025-02-01,52,41,21,rainy,False,
PKM-030,2025-03-01,51,39,41,rainy,False,
PKM-030,2025-04-01,48,35,40,dry,False,
PKM-030,2025-05-01,46,19,49,dry,False,
PKM-030,2025-06-01,42,33,32,dry,False,
PKM-030,2025-07-01,28,40,42,dry,False,
PKM-030,2025-08-01,41,30,32,dry,False,
PKM-030,2025-09-01,47,38,31,dry,False,
PKM-030,2025-10-01,34,43,26,rainy,False,
PKM-030,2025-11-01,27,43,54,rainy,False,
PKM-030,2025-12-01,40,38,34,rainy,False,
